<?xml version="1.0" encoding="UTF-8"?>
<project-private xmlns="http://www.netbeans.org/ns/project-private/1">
    <editor-bookmarks xmlns="http://www.netbeans.org/ns/editor-bookmarks/1"/>
    <editor-bookmarks xmlns="http://www.netbeans.org/ns/editor-bookmarks/2" lastBookmarkId="0"/>
    <open-files xmlns="http://www.netbeans.org/ns/projectui-open-files/2">
        <group>
            <file>file:/F:/Proj/BodySignal/BirdRecog.2022.03.20/src/Core/Share.java</file>
            <file>file:/F:/Proj/BodySignal/BirdRecog.2022.03.20/src/cclo/GUI.java</file>
            <file>file:/F:/Proj/BodySignal/BirdRecog.2022.03.20/src/cclo/ControlPan.java</file>
            <file>file:/F:/Proj/BodySignal/BirdRecog.2022.03.20/src/cclo/DiscreteFourierTransform.java</file>
        </group>
    </open-files>
</project-private>
